{"cameraMode":{"drawMode":0,"name":"Shaded","section":"Shading Mode"},"sceneLighting":true,"audioPlay":false,"sceneViewState":{"showFog":true,"showMaterialUpdate":true,"showSkybox":true,"showFlares":true,"showImageEffects":true,"showParticleSystems":true},"in2DMode":false,"pivot":{"x":3.0955021381378176,"y":-1.2783699035644532,"z":-1.5573978424072266},"rotation":{"x":0.22104094922542573,"y":-0.01170285139232874,"z":0.002652623923495412,"w":0.9751906991004944},"size":15.020833015441895,"orthographic":false}